{
  "name": "udaspicelatte",
  "version": "0.0.1",
  "author": "Ionic Framework",
  "homepage": "https://ionicframework.com/",
  "scripts": {
    "ng": "ng",
    "start": "ng serve",
    "build": "ng build",
    "test": "ng test",
    "lint": "ng lint",
    "e2e": "ng e2e"
  },
  "private": true,
  "dependencies": {
    "@angular/common": "^17.0.8",
    "@angular/core": "^17.0.8",
    "@angular/forms": "^17.0.8",
    "@angular/http": "^7.2.2",
    "@angular/platform-browser": "^17.0.8",
    "@angular/platform-browser-dynamic": "^17.0.8",
    "@angular/router": "^17.0.8",
    "@auth0/angular-jwt": "^2.1.0",
    "@ionic-native/core": "^5.0.0",
    "@ionic-native/splash-screen": "^5.0.0",
    "@ionic-native/status-bar": "^5.0.0",
    "@ionic/angular": "^7.6.2",
    "core-js": "^2.5.4",
    "jwt-decode": "^2.2.0",
    "lodash": "^4.17.13",
    "rxjs": "~6.5.1",
    "tslib": "^1.9.0",
    "zone.js": "~0.8.29"
  },
  "devDependencies": {
    "@angular-devkit/architect": "^0.1700.8",
    "@angular-devkit/build-angular": "^16.2.11",
    "@angular-devkit/core": "^17.0.8",
    "@angular-devkit/schematics": "^17.0.8",
    "@angular/cli": "^17.0.8",
    "@angular/compiler": "~7.2.2",
    "@angular/compiler-cli": "^17.0.8",
    "@angular/language-service": "~7.2.2",
    "@ionic/angular-toolkit": "^10.0.0",
    "@types/jasmine": "~2.8.8",
    "@types/jasminewd2": "~2.0.3",
    "@types/node": "~12.0.0",
    "codelyzer": "^0.0.28",
    "jasmine-core": "~2.99.1",
    "jasmine-spec-reporter": "~4.2.1",
    "karma": "^6.4.2",
    "karma-chrome-launcher": "~2.2.0",
    "karma-coverage-istanbul-reporter": "~2.0.1",
    "karma-jasmine": "~1.1.2",
    "karma-jasmine-html-reporter": "^0.2.2",
    "node-sass": "^9.0.0",
    "protractor": "~5.4.0",
    "ts-node": "~8.1.0",
    "tslint": "~5.16.0",
    "typescript": "~3.1.6"
  },
  "description": "An Ionic project"
}
